ts,sin,cos,sin_noise
1731877886.6826885,-0.018250112149846,0.9998334528342798,0.0547071058608046
1731877886.703695,0.002755455295156,0.9999962037258524,-0.0328392505015477
1731877886.7242863,0.0233445969128839,0.9997274777633028,-0.013748159676050555
1731877886.7448175,0.0438638171970004,0.9990375195861806,-0.0031675143822436497
1731877886.765344,0.0643597897637581,0.9979267595678376,-0.0009125142065902758
1731877886.7858632,0.0848215195703554,0.9963961610814124,0.05906574659548694
1731877886.806394,0.1052591550058033,0.9944448251599806,0.0685377855129177
1731877886.8269172,0.1256446177582542,0.9920753146956044,0.20444333575174145
1731877886.8474424,0.1459792840819185,0.989287647056674,0.07047730920219564
1731877886.8679671,0.1662519835486092,0.986083301737816,0.12686680082140078
1731877886.8884923,0.1864551178136518,0.9824634797492968,0.2465764495316085
1731877886.9090116,0.206573872279101,0.9784310069144464,0.21156686703852817
1731877886.9295287,0.2266035640065031,0.973987076289799,0.1870468144843699
1731877886.9500492,0.2465411047231349,0.9691323354846314,0.3568387654967379
1731877886.9706051,0.2664090740688978,0.9638600548076224,0.33973468612722185
1731877886.9909658,0.2859773723537415,0.9582363708927196,0.35093772319176514
1731877887.0112958,0.3053978339209708,0.9522248489912344,0.4575962822293054
1731877887.031677,0.324740559075905,0.9458031345322708,0.3314521079191102
1731877887.0524282,0.3442958199624016,0.9388612189010778,0.3595540189248454
1731877887.07294,0.3634796162313467,0.9316021514489504,0.345535887259826
1731877887.0933452,0.3824122420100203,0.9239918166092542,0.40583445201602025
1731877887.11367,0.4011120471050146,0.9160289982676448,0.5016880548384868
1731877887.1344025,0.4200159663636709,0.9075167149973556,0.4897362691018467
1731877887.1549249,0.4385505948447452,0.8987065014571332,0.5790909648665883
1731877887.1754484,0.4569015871148321,0.8895172509243131,0.40980687692755263
1731877887.1959734,0.4750613906515129,0.8799526550401735,0.5756839718676667
1731877887.2164907,0.4930144321261684,0.8700211317636553,0.586629582764373
1731877887.2374997,0.5111823305144163,0.8594722944748423,0.6087497357355056
1731877887.258549,0.5291592126709646,0.848522555767049,0.7262726523847627
1731877887.2795706,0.5468782890666027,0.8372121218350731,0.540002347384138
1731877887.3006089,0.5643694820173696,0.8255223120954671,0.5688779300266835
1731877887.3216436,0.5816079795247394,0.8134692115582189,0.6656732458410902
1731877887.3425975,0.5985245931945264,0.8011044322317326,0.5634944287807698
1731877887.363629,0.615239506113971,0.7883402502198128,0.47070137136376466
1731877887.384435,0.6315070571581758,0.7753701288800211,0.4168720990277721
1731877887.4054637,0.6476711201326152,0.7619200221454765,0.4305708580207186
1731877887.4260306,0.6632035801538897,0.7484390498036986,0.48815071308125263
1731877887.447059,0.678794006189848,0.7343287391630104,0.7537380969433
1731877887.467595,0.6937304694778207,0.7202347087707469,0.6109848947875343
1731877887.4886477,0.7087380963974246,0.7054716937730067,0.7850751602595414
1731877887.509686,0.7234222455211528,0.690405862290532,0.7063135522780127
1731877887.530754,0.7378061617483541,0.6750126426120931,0.7590877532675689
1731877887.5517757,0.7518317931323983,0.6593549535988356,1.0576616189010806
1731877887.5728278,0.7655451455323122,0.6433821804743358,0.9296424331881239
1731877887.5938606,0.7789069587811992,0.627139497689488,0.8584215190287474
1731877887.6145594,0.7917202066004565,0.6108838796862547,0.834754590975974
1731877887.63516,0.8041358745496986,0.5944455359931567,0.8253471046623625
1731877887.6562774,0.8165088205534592,0.5773329593556902,0.640512780561481
1731877887.677423,0.828533414049086,0.5599396233560954,0.8835216836703469
1731877887.6982749,0.840028228783093,0.5425426940320361,0.864769391377269
1731877887.7190182,0.8511008652850307,0.5250022067678117,0.8525077224209737
1731877887.740112,0.8619850176399314,0.506933752441369,0.8598534235902269
1731877887.7612488,0.8725066130525911,0.4886023026751879,1.065407864602721
1731877887.7822723,0.8825851810465474,0.4701525265241411,0.8635416949555415
1731877887.8033977,0.8923196310030226,0.4514041162047921,0.8606177271610651
1731877887.8245008,0.9016462832557508,0.4324742534430117,0.9718009740214728
1731877887.8453422,0.910463168922089,0.4135901570834921,0.8938033345330721
1731877887.8664966,0.919008056978258,0.3942387489948787,0.9132915010627937
1731877887.887709,0.9271634037718284,0.3746572069322001,0.8621088407183621
1731877887.9087358,0.9348357289876532,0.3550804976454253,0.8811924976183516
1731877887.9300303,0.9421845053438096,0.335094550671957,0.9436368938042813
1731877887.9507082,0.9489116128370249,0.3155419956567369,0.7703635754830658
1731877887.9717617,0.9553440358791706,0.2954958089552166,1.015504573033887
1731877887.992859,0.9613651685882986,0.2752762478405868,1.2275914424099041
1731877888.013828,0.9669257042237356,0.2550581943624491,0.9796392458940058
1731877888.0345757,0.9720090790795152,0.2349432914279378,0.9079856371627792
1731877888.0558865,0.9767948202474602,0.2141772143290032,0.9917505494072409
1731877888.0769408,0.981087341668631,0.1935655651648269,0.8916462552524262
1731877888.097756,0.9849036138265116,0.173103643726751,0.9461312979819078
1731877888.1190262,0.9883625094096924,0.1521168958182338,1.0546972063797138
1731877888.1401265,0.9913519685750056,0.1312298533202767,0.9189712958201908
1731877888.161254,0.9939030696116988,0.1102573726171739,0.8603780658323451
1731877888.18242,0.9960139848475456,0.0891972084098658,0.8809757351146006
1731877888.2035153,0.997673874807242,0.068167730834344,0.7437114979588348
1731877888.2243948,0.9988796180453025,0.0473234471871076,1.1246829693168052
1731877888.2458718,0.9996655416591892,0.0258612609754347,0.9585619237662539
1731877888.2669706,0.9999886460157756,0.0047652743400648,0.857940528227859
1731877888.28803,0.9998672521227177,-0.016293499702826,0.9554670988827518
1731877888.3090866,0.999302546144903,-0.0373419505156597,1.0561340438243492
1731877888.3303084,0.998285120865506,-0.0585390250904664,0.9423790996696592
1731877888.3513796,0.9968301161491956,-0.0795595345510605,1.0377108939387611
1731877888.3726838,0.9949090925661298,-0.1007764730938732,0.9654626426672982
1731877888.393726,0.992568420563856,-0.1216878403924258,0.8952412466024967
1731877888.414892,0.989770662956056,-0.1426675672727674,0.9633963704335712
1731877888.4357631,0.9865776742551268,-0.1632926595452002,1.0055601679682313
1731877888.4570968,0.9828698024757552,-0.1843012517083652,0.9688366221854343
1731877888.4783792,0.9787251361461444,-0.2051757974901299,0.9893094790725404
1731877888.4997237,0.9741231721045144,-0.226017799230589,0.8488131044823679
1731877888.5209222,0.9691134240941658,-0.2466154318782212,1.0835454208193638
1731877888.542221,0.9636413801967174,-0.2671989715035697,1.0126890946498268
1731877888.5633633,0.957777251929802,-0.2875112792323051,1.092184455573849
1731877888.5840826,0.9516150743757212,-0.307292613352307,0.9240059420186173
1731877888.6051009,0.9449466032301986,-0.3272245666873279,0.9706757571305585
1731877888.6264412,0.9377488783019992,-0.347314038362031,0.8836955284983085
1731877888.6476417,0.9301754955555136,-0.367115169215404,0.9631103499363141
1731877888.6685731,0.9222880319473652,-0.386503280874375,1.002308677584291
1731877888.6894708,0.9140102392223252,-0.4056911172268229,0.6853500534953092
1731877888.7103891,0.9053244933362514,-0.4247205690397626,0.8500534432778487
1731877888.7315283,0.8961445558646611,-0.4437622505285113,1.043763306297884
1731877888.7526865,0.886555566959542,-0.4626221208427513,0.9419693947875618
1731877888.7737775,0.8766019586350514,-0.481216173997915,0.8871044715012293
1731877888.7948432,0.8662710519507987,-0.4995742833173627,0.9335908460466663
1731877888.8158717,0.8555749941608027,-0.5176788863443653,0.7946566752423815
1731877888.8368456,0.8445298551219254,-0.5355084722091144,0.8270262894516528
1731877888.857625,0.8332208065765647,-0.552940401388702,0.9563532589269899
1731877888.878345,0.8215858462367979,-0.570084815850558,0.8258788036023978
1731877888.899072,0.809594117912031,-0.5869900887086941,0.7263638330291855
1731877888.920365,0.7969126590047226,-0.6040945405464467,0.8196810851858164
1731877888.941461,0.7839923084126912,-0.620770537598024,0.5886581673033928
1731877888.9626396,0.7706704975627032,-0.6372338536098466,0.8430507992788191
1731877888.98373,0.7570605140809112,-0.6533447619898292,0.9398627892528417
1731877889.004419,0.743382403156746,-0.668866655378261,0.7424761388420976
1731877889.0254683,0.7291396142884274,-0.6843649778263959,0.8789533300673814
1731877889.0466862,0.7144558470902934,-0.6996805289262317,0.6242077577997659
1731877889.0677073,0.6995910076857966,-0.7145435059988802,0.648109800298156
1731877889.08896,0.684248232842621,-0.7292491726781389,0.7166677069960072
1731877889.1098158,0.6688913770447786,-0.7433601588161285,0.6573251044077629
1731877889.1309586,0.6530263948203485,-0.7573351488396259,0.7763691514148086
1731877889.1519449,0.636990085264094,-0.7708719940919129,0.7492444556319942
1731877889.1729803,0.6206347295759455,-0.7840998230099233,0.6204964668114827
1731877889.193967,0.6040435220513655,-0.7969513306769627,0.5791955996385499
1731877889.2145264,0.5875322504522551,-0.8092007505424773,0.48780140063438177
1731877889.2355533,0.5703886840615967,-0.8213749138453645,0.621543786651382
1731877889.2561264,0.553370910244433,-0.8329349528596142,0.6674868084908242
1731877889.27688,0.5359665662256179,-0.8442392077416924,0.4829798226047317
1731877889.297346,0.5185772536493651,-0.8550307783919139,0.5108143807833382
1731877889.3180163,0.5007938907736051,-0.8655665652991885,0.5172612929114281
1731877889.3387632,0.4827297488114774,-0.8757693701040291,0.5541663609558002
1731877889.3596933,0.4642954586422145,-0.8856803752394063,0.4939799946709841
1731877889.3801696,0.4460639006989429,-0.895001115358659,0.5254439524046204
1731877889.4011955,0.4271484905985467,-0.9041814900667804,0.1430827861044608
1731877889.4222314,0.4080351080621862,-0.9129662373761036,0.377896551286098
1731877889.4428785,0.3890994190170862,-0.9211957675329202,0.3150482474529782
1731877889.4634478,0.3700700699738813,-0.9290038446150406,0.23267026639221508
1731877889.4844975,0.3504342421888668,-0.9365873381065508,0.33968782919692586
1731877889.5051453,0.3310224840465262,-0.9436228669631036,0.3095530624706223
1731877889.5264523,0.3108428769647116,-0.950461312121804,0.2628651428431452
1731877889.5478024,0.2904813167014754,-0.9568806637441144,0.416346089201056
1731877889.5688694,0.2702598371088481,-0.9627874222516094,0.22838458229470135
1731877889.589726,0.2501220233903405,-0.9682143220460654,0.29752558570091026
1731877889.610918,0.229548926490875,-0.9732971233631008,0.3706873105927395
1731877889.6321542,0.2088296073550992,-0.9779520413046414,0.054632298030179216
1731877889.653248,0.1881559103043705,-0.9821391721225324,0.4171076193696543
1731877889.6741018,0.1676351912101172,-0.98584909731051,-0.07034043603997145
1731877889.6948793,0.1471170379230592,-0.9891190914913862,0.16171921350333174
1731877889.71598,0.1262146724719229,-0.9920029518367398,0.19896224114132596
1731877889.7368228,0.1055126454442528,-0.9944179612473596,-0.052995554024296135
1731877889.7580216,0.0844100998686798,-0.9964310989928804,0.07072184159604034
1731877889.7791948,0.0632950825693372,-0.9979948559599596,0.020053401536421447
1731877889.800086,0.0424334875820425,-0.9990992939301,0.2066901003211608
1731877889.8212109,0.0213197770039668,-0.999772707723361,0.13464926234816313
1731877889.8422928,0.0002394679836224,-0.999999971327542,-0.17682468872874957
1731877889.8633268,-0.020793035713926,-0.9997838014619956,-0.13798995947573287
1731877889.8840635,-0.041519528755526,-0.9991376925789152,0.08542048122219081
1731877889.904828,-0.0622555331688589,-0.9980602429662556,-0.07230060766090807
1731877889.9257605,-0.0831322010086703,-0.9965385276824243,-0.0056192281491227875
1731877889.946417,-0.1036980852127693,-0.9946088211569436,-0.06793181045852899
1731877889.967688,-0.1248293460514452,-0.992178227116665,-0.20548244522338427
1731877889.9888902,-0.1458359633872952,-0.989308784850766,-0.3209558188378355
1731877890.0096357,-0.1663268312600877,-0.9860706796183416,-0.1460749873414861
1731877890.030663,-0.1870229643379601,-0.982355541955275,-0.25113678193211914
1731877890.0513723,-0.2073255124702328,-0.9782720132350488,-0.14507816862439465
1731877890.072098,-0.2275547001857892,-0.9737652994553438,-0.37570332074393403
1731877890.0931647,-0.248016677816415,-0.968755762576362,-0.2881446924858584
1731877890.1145704,-0.2686951674959699,-0.9632252628353932,-0.2902580578022135
1731877890.135491,-0.2887858404782212,-0.957393721694104,-0.23853930050992742
1731877890.1566572,-0.3089843729011066,-0.9510671150360052,-0.424801589222391
1731877890.1774368,-0.3286790480071608,-0.9444416781364038,-0.4717484803652352
1731877890.198524,-0.3485201000159995,-0.9373013068831376,-0.39135052364252354
1731877890.219626,-0.3682199251726976,-0.9297387195905163,-0.25449751037261664
1731877890.2408588,-0.3878764386776295,-0.9217113801612516,-0.35431434531274075
1731877890.2618947,-0.4071782297171602,-0.9133487226927072,-0.408648907043064
1731877890.2829611,-0.4263274526188433,-0.9045689045857856,-0.5319605369433916
1731877890.3039894,-0.4452533241477319,-0.8954046444682956,-0.5173429312316411
1731877890.3251026,-0.4640575031621063,-0.8858050766161547,-0.4073795423770525
1731877890.3461387,-0.4825873821670147,-0.875847828434362,-0.3804046816384132
1731877890.3672917,-0.501004617430539,-0.8654446101936734,-0.42470505647569656
1731877890.388326,-0.5190966211691765,-0.8547155654899146,-0.5263731735744085
1731877890.4090216,-0.5366731201805813,-0.8437902358262029,-0.5141116100627315
1731877890.430043,-0.554290864337111,-0.8323230368747572,-0.6690068954225171
1731877890.4510906,-0.5716851955401323,-0.8204730569617997,-0.5794028242445218
1731877890.4716156,-0.5884037910997182,-0.8085672381561593,-0.7672313932717456
1731877890.492131,-0.6048669213679637,-0.7963265708456811,-0.5918611626816428
1731877890.513157,-0.6214752832750114,-0.7834337701926336,-0.6220516437903012
1731877890.5336912,-0.6374305625203119,-0.7705078052589984,-0.8004268210335093
1731877890.5547962,-0.6535490039838097,-0.7568842047445371,-0.7790079013828782
1731877890.5756218,-0.6691687316837182,-0.7431104955097889,-0.7205999481061792
1731877890.5966492,-0.6846452767991894,-0.7288764263965197,-0.6781648416347501
1731877890.6177056,-0.6998398953914619,-0.7142997415780491,-0.6279729559864946
1731877890.6384544,-0.7145090924450123,-0.6996261550381067,-0.6869570929334513
1731877890.65935,-0.7289710745369047,-0.6845445000060335,-0.6135752745640347
1731877890.6802287,-0.7431036160524598,-0.6691763712279135,-0.6729115274686334
1731877890.701089,-0.7569000793250872,-0.6535306189595685,-0.8063969673364415
1731877890.722201,-0.7705278474212496,-0.6374063353531839,-0.5964304167369439
1731877890.7431517,-0.7837117914496631,-0.6211246476696605,-0.799690847164278
1731877890.7640083,-0.7964951059124592,-0.6046449753843163,-0.7829892041587975
1731877890.784825,-0.8089082619463024,-0.5879348805395137,-0.695047706205531
1731877890.8058636,-0.821097623614304,-0.5707877823630624,-0.7562160608487075
1731877890.8268428,-0.832890710560988,-0.5534374980620781,-0.823350308256784
1731877890.8478837,-0.8443503215449939,-0.5357915028318996,-0.8109216523942834
1731877890.8689532,-0.855450952531981,-0.5178838362143836,-0.844399874438702
1731877890.8901482,-0.8662345069983486,-0.4996376475860561,-0.8878054969522199
1731877890.9113584,-0.876636283531589,-0.4811536411541781,-0.7529704017964584
1731877890.9325647,-0.8866419363306963,-0.4624565674090415,-0.8823765276111156
1731877890.9536333,-0.8961877393323132,-0.4436750340851261,-0.806183414829319
1731877890.97488,-0.9054113765005596,-0.42453532162043,-1.1214027145360577
1731877890.9961145,-0.9142212835888036,-0.4052153065140064,-0.7351957376812014
1731877891.0172224,-0.9225703341870092,-0.3858289497666939,-0.9712323709379184
1731877891.038216,-0.9304664226816906,-0.3663771775942623,-0.8405299059795796
1731877891.059245,-0.9379647543142784,-0.3467306154122468,-0.9888468648389223
1731877891.0801866,-0.945019540454194,-0.3270138653937233,-1.0864788261234892
1731877891.1012852,-0.9517082371775912,-0.307003959727431,-0.9796836812265473
1731877891.122405,-0.9579793819497968,-0.2868370683142005,-0.8843449745996673
1731877891.1434684,-0.9638081758824016,-0.2665966993461054,-1.0668678297215428
1731877891.1645763,-0.9692203562298124,-0.2461948437107393,-1.0112298372014252
1731877891.185455,-0.9741490420170802,-0.2259062724609587,-0.9614267778754522
1731877891.2066722,-0.9787224552216248,-0.2051885855620501,-0.9580790173864024
1731877891.227715,-0.98282320246082,-0.1845495941601013,-0.9572248356060764
1731877891.2483938,-0.9864290614520564,-0.164188022470627,-0.919593358881985
1731877891.269606,-0.989689692189088,-0.1432281856851801,-0.8249602453017517
1731877891.2906606,-0.9924857153587436,-0.122360552503014,-1.1896109260193404
1731877891.311867,-0.994857187855564,-0.1012875894279221,-1.0961002326488551
1731877891.3329756,-0.9967734379684666,-0.0802665145656857,-0.9083160922674393
1731877891.3541982,-0.9982523093915674,-0.0590959118247823,-0.9241759960090705
1731877891.375489,-0.9992841683631906,-0.0378305545648845,-0.8925376228413151
1731877891.3963847,-0.9998564561640132,-0.0169430536545478,-0.9876332921281205
1731877891.4174185,-0.9999916363727224,0.0040898880919565,-1.048304154072318
1731877891.4384823,-0.9996836562676688,0.025151290052507,-0.8635092874702921
1731877891.4595115,-0.9989337576490788,0.0461665228178525,-0.9963658893588168
1731877891.4805608,-0.9977407669008964,0.0671815604463844,-0.9839865499082733
1731877891.501581,-0.9961082861770209,0.0881378591155832,-0.9108329009006773
1731877891.5222375,-0.9940752789866868,0.1086937887256724,-0.9669045277748036
1731877891.5427003,-0.9916431458033592,0.1290111289045156,-0.8696043260530107
1731877891.563367,-0.9887653879439424,0.149475775977463,-1.020918261375383
1731877891.583865,-0.98549388473054,0.1697109400089142,-0.9029398942548106
1731877891.604277,-0.9818246958437472,0.1897900593585805,-1.0711864127639674
1731877891.6250012,-0.9776808743421316,0.2100954734057953,-1.211502705515922
1731877891.6456518,-0.9731341220408274,0.2302389639479557,-0.949280810152767
1731877891.6666565,-0.9680837188488918,0.2506270402404732,-0.8707635878328498
1731877891.687434,-0.962667744422527,0.2706858212918516,-1.0905112288678906
1731877891.7079835,-0.9569023465419518,0.2904098813444651,-0.9405700573684155
1731877891.7289174,-0.9506138004173402,0.3103762272728071,-1.040999678091862
1731877891.749961,-0.9438724743103551,0.3303100849796259,-0.9686616362191696
1731877891.7710526,-0.9366961685991382,0.3501432388775984,-0.8636890461729738
1731877891.7919912,-0.929159854200823,0.3696781915957517,-1.0463054390360567
1731877891.81303,-0.9211772238873532,0.3891433183175434,-0.9157489456468406
1731877891.8342698,-0.91270475931021,0.4086196548533751,-0.7810026901001796
1731877891.855122,-0.9039863841754314,0.4275612438299679,-0.7443651754355904
1731877891.8761685,-0.8947882200671748,0.4464908075526494,-0.8539725628159047
1731877891.8972027,-0.8851992691142098,0.4652120526809992,-0.9058587380044998
1731877891.918322,-0.8751776162973443,0.4838017568509837,-0.8466793742914194
1731877891.9391923,-0.8648905942185271,0.5019604167983001,-0.8166856636157392
1731877891.959777,-0.8543754464559674,0.5196562291488157,-0.9044553755196345
1731877891.98058,-0.8433810941848373,0.5373158568026694,-0.9517602270975312
1731877892.0017316,-0.8318280978435756,0.5550333464197794,-0.833682031893699
1731877892.0226276,-0.820049389840436,0.572292755696181,-0.8664224452714524
1731877892.043604,-0.8078651358015972,0.5893673916635249,-0.8057999565944267
1731877892.064544,-0.79534767806478,0.6061535044829511,-0.7165152702340903
1731877892.0855732,-0.7824258174139705,0.6227437998439486,-0.7368445903361119
1731877892.1066885,-0.7691029523166507,0.6391249085568577,-0.7615437760313871
1731877892.127712,-0.7554973310915168,0.6551517249565897,-0.8374134841035723
1731877892.1487553,-0.7415445251773612,0.6709036571516672,-0.6742591746050141
1731877892.1695144,-0.7274583905100928,0.6861517981295869,-0.5815277818395432
1731877892.1905396,-0.7128722041923385,0.7012939615382103,-0.692429162942138
1731877892.211725,-0.6978561537184556,0.7162379414114302,-0.7908742859265687
1731877892.232749,-0.6826448612401756,0.7307502948493291,-0.8138413597578641
1731877892.253442,-0.6673783279314771,0.7447188512501788,-0.8207978021982058
1731877892.2747896,-0.6513295708265738,0.7587949592392342,-0.7896735737523386
1731877892.2960703,-0.635035573425193,0.7724828933280894,-0.659500918136528
1731877892.3173892,-0.618424020551115,0.785844597108992,-0.569483192204663
1731877892.3384862,-0.601708710946256,0.7987156109475981,-0.6403562788606506
1731877892.3597546,-0.5845865298778351,0.8113313682370422,-0.5250384298049741
1731877892.3807905,-0.5673913574389878,0.8234482664403044,-0.3207316506129508
1731877892.401883,-0.5498979241270744,0.8352318678311635,-0.5557884701697149
1731877892.4229066,-0.5322179889853567,0.8466073542087753,-0.6698692642685459
1731877892.4441042,-0.5141537569017536,0.8576980320974349,-0.5435311288005615
1731877892.4650054,-0.4961158387262027,0.8682563415057769,-0.42358988012039545
1731877892.486145,-0.4776517462403425,0.8785492640219735,-0.5325011151256502
1731877892.507125,-0.4591161224475977,0.8883762638143156,-0.5721480288897595
1731877892.528145,-0.4403422479448147,0.8978299976470531,-0.3444825435218605
1731877892.5486724,-0.4218206892973609,0.9066792740990054,-0.37903239923221377
1731877892.5692945,-0.4030347707857741,0.915184666358467,-0.37594339780470676
1731877892.5898657,-0.3841243483961019,0.9232813682563242,-0.3548164816732953
1731877892.6104617,-0.3650282952553071,0.9309964251612378,-0.3132802585937505
1731877892.631497,-0.345365516642105,0.938468251948105,-0.36076457502513914
1731877892.6525538,-0.3255289648655013,0.9455320687494396,-0.3448772250104975
1731877892.6735773,-0.3055800871760011,0.9521663774370042,-0.2595091845540004
1731877892.6943858,-0.2857022481083909,0.958318436338262,-0.2863109236991628
1731877892.715417,-0.2654862512709791,0.9641146458726174,-0.4287648617858753
1731877892.7365427,-0.2450606072837489,0.9695077610611068,-0.32123636469576755
1731877892.757564,-0.2246275867753477,0.9744446866084722,-0.19051405994750018
1731877892.7784796,-0.2041989359842319,0.978929412441422,-0.27613275637480766
1731877892.799513,-0.1835647150041502,0.983007627338387,-0.0821304960111662
1731877892.820203,-0.1631887202466711,0.9865948720646452,-0.29795735930111467
1731877892.8413177,-0.142322348531427,0.9898203620397488,-0.10220204891316081
1731877892.8621428,-0.1216798227310488,0.9925694034878068,-0.11635371025591575
1731877892.8828428,-0.1011090570024299,0.9948753482683544,-0.03375871520509975
1731877892.903693,-0.0803452514900232,0.99676709444233,-0.015539090934869451
1731877892.9247818,-0.0593082835440746,0.9982397144489172,-0.12766629788702127
1731877892.945645,-0.0384703178542664,0.9992597433321286,-0.0904439898650922
1731877892.9665334,-0.0175905774530522,0.999845273822339,0.011178291755957952
1731877892.9872384,0.0031134948844598,0.999995153063056,-0.019924163005286134
1731877893.0084991,0.0243718248892543,0.9997029629602824,0.07695813243641798
1731877893.029646,0.0455052930518021,0.9989640976052492,0.06926985639472723
1731877893.050695,0.0665208778569341,0.9977850333659763,0.08043924242735044
1731877893.0716572,0.0874205391407287,0.9961714959465284,0.36006942196541714
1731877893.0928345,0.1084955744866924,0.9940969320528068,0.048881689987320134
1731877893.1138904,0.1294016200238995,0.9915922653667636,0.23354324944852606
1731877893.135007,0.1503101677370775,0.9886388893194784,0.3100562983778037
1731877893.1563203,0.1713457182875787,0.9852109646286492,0.05670615244108487
1731877893.1775925,0.1922629591583322,0.9813434437217592,0.18095184115687213
1731877893.1989808,0.2132066448017633,0.9770071272065391,0.07753028416452251
1731877893.220199,0.2338875267560453,0.9722636601395428,0.05945061359640169
1731877893.2412066,0.2542592827847748,0.9671360902777704,0.12673148141981502
1731877893.2622857,0.2745876110682934,0.9615620852798884,0.2933930663756413
1731877893.2834291,0.2948554489266086,0.9555418694323594,0.37046350699405606
1731877893.304334,0.3147649610574019,0.9491696472657204,0.4284528472142862
1731877893.3255365,0.3348175352191381,0.9422829819697378,0.2177348646958987
1731877893.3468208,0.354796056835839,0.9349437191904868,0.43916747933761147
1731877893.3680782,0.3745888740782889,0.927191013446938,0.36611972836781687
1731877893.3892426,0.394126974463418,0.9190559982940716,0.44900922213541217
1731877893.4103818,0.4134655282744313,0.9105197729477078,0.3038029495385019
1731877893.4313717,0.4324847611688346,0.9016412431542472,0.587221678121873
1731877893.4525082,0.4514442991907665,0.892299302212076,0.5124210518151027
1731877893.473777,0.4703189389137146,0.8824965131370648,0.48939323790375233
1731877893.495046,0.4889810393886961,0.8722944130959172,0.698081618993892
1731877893.5160792,0.507218541513593,0.8618174697375445,0.4021002812575276
1731877893.5371478,0.5252618933984358,0.8509406226896742,0.6763286725059293
1731877893.557932,0.5428334416884438,0.8398403744668858,0.5951542736755792
1731877893.5791273,0.5605107457688497,0.8281471511015708,0.6302584621494954
1731877893.6001558,0.5778002462051589,0.8161782130670101,0.4778894947983487
1731877893.6212764,0.5949082289004306,0.8037936297250389,0.6111055242331943
1731877893.6422744,0.6116539006722089,0.7911254677941241,0.5355754559629073
1731877893.6634102,0.6282371163385699,0.7780219313455105,0.6592765746250437
1731877893.6843183,0.6443657755753909,0.7647174296870217,0.5845506727482013
1731877893.7055244,0.6604362060634017,0.7508821596765901,0.7393900585851645
1731877893.726592,0.6761077752724038,0.7368027390124176,0.47073483256779936
1731877893.747621,0.6914513665930873,0.722423011563552,0.672621860740817
1731877893.7683103,0.7062488778368159,0.7079636449382399,0.649215821838983
1731877893.789341,0.7209803837225862,0.6929554720811665,0.7042334780367374
1731877893.8098965,0.7350711122525707,0.6779900146254136,0.5403246083720956
1731877893.8305483,0.7489150954719057,0.662665963947377,0.7479022547564613
1731877893.8512557,0.7624756235403627,0.6470169422099665,0.7468286345709232
1731877893.8718638,0.7756466207474368,0.6311674260630707,0.7540020285329899
1731877893.8924215,0.7884571259988187,0.6150897174085119,0.8989221698675343
1731877893.912757,0.8008013617366511,0.5989300285014314,0.8019099311887974
1731877893.9335413,0.8130758906189529,0.5821577072359314,0.7913572858784514
1731877893.954417,0.8250507925663959,0.5650585719069856,0.8845656986748656
1731877893.9750798,0.8365495235785612,0.5478913164127374,0.8132832649179081
1731877893.995736,0.8476875604989158,0.5304958056152724,0.800233342323948
1731877894.0167782,0.858661950753691,0.5125423439364458,1.0227884565733905
1731877894.0379012,0.8692959919568346,0.4942918959155439,1.007825992583073
1731877894.0590026,0.8795319763835657,0.4758397866076552,0.9275185118255589
1731877894.079743,0.8892111523595039,0.4574970235088784,0.8772257202818342
1731877894.100803,0.8986481372784635,0.4386701783412542,0.7820016466157717
1731877894.1219342,0.907716478914011,0.4195840725146152,0.7946335557867266
1731877894.143214,0.9164389621398252,0.400174497778257,1.0010832403477081
1731877894.1643434,0.9246892033229186,0.3807228352200931,0.9453367550789336
1731877894.185695,0.9326068479979552,0.3608939831409202,0.9147235573668631
1731877894.2068143,0.9400201537007272,0.3411189098195245,0.8566835997171498
1731877894.227837,0.946983258493794,0.3212829098045462,0.9929481001224623
1731877894.2489731,0.95356181509354,0.3011973851073639,0.9115906148593633
1731877894.2701092,0.9597144771765004,0.2809770850048746,0.8072159158518526
1731877894.2911007,0.9654007531369698,0.2607707534263985,0.9666314510033033
1731877894.3123202,0.9707164249812626,0.2402282711747238,0.917188262435318
1731877894.3335533,0.97559801574825,0.2195643679381456,0.9257593825530839
1731877894.3545785,0.9799984285526768,0.1990052261481698,1.0851191192120855
1731877894.3755047,0.9839479887164916,0.1784554720393038,1.102186848218433
1731877894.3966925,0.987507931765557,0.1575693012617375,0.8031691931655426
1731877894.4177787,0.9906106969191408,0.1367130101686535,0.9293957243892755
1731877894.4388108,0.9932667561915702,0.115849691603715,1.0398613960044638
1731877894.4599457,0.9954932112124528,0.0948328341341688,1.069400416840492
1731877894.4807758,0.9972524888226744,0.0740774833332104,1.1967234608631727
1731877894.502025,0.9986013019111744,0.052871919024257,1.0153658805263412
1731877894.523122,0.999494449257228,0.031793802918034,1.0190493346113962
1731877894.5443869,0.9999445140342444,0.0105341754693454,1.122538578018546
1731877894.565678,0.9999421478280516,-0.0107564397931107,0.988183225184476
1731877894.586753,0.9994934231546184,-0.0318260439053116,1.0251215454825744
1731877894.6079206,0.998595859853941,-0.0529746041284717,1.1187140152212505
1731877894.6290984,0.997250134101502,-0.0741091764529614,0.937362922490053
1731877894.6501482,0.9954693422039896,-0.0950830622769159,0.9854457246173157
1731877894.6712108,0.9932459888947354,-0.1160276068206148,1.035720963059467
1731877894.6922371,0.9905869758386816,-0.1368847811072337,1.0960134492008489
1731877894.7133496,0.987476456977998,-0.1577664315188125,1.0372444392018356
1731877894.7343855,0.9839394229809592,-0.1785026943883401,0.8896352123139061
1731877894.7555113,0.9799491824279304,-0.1992475843237023,0.8065231282037642
1731877894.7765317,0.97554478576736,-0.2198007528697647,1.1416549887854712
1731877894.797638,0.9706886231563956,-0.2403405851593547,1.0876293044834915
1731877894.818663,0.965421310800843,-0.2606946348730292,1.1394091924698466
1731877894.839732,0.9597148592224376,-0.2809757800730463,0.8760081656483629
1731877894.8608353,0.9535720621963664,-0.3011649418484314,1.0605342547266452
1731877894.8818605,0.9470297984934032,-0.3211457002133829,0.9655340324313391
1731877894.902686,0.9401368630430782,-0.3407971225634401,0.8220481120448713
1731877894.9237056,0.9327662566210384,-0.3604817755576209,0.8386458495927718
1731877894.9447532,0.924972942781196,-0.3800329658367732,0.9142168228403903
1731877894.9657726,0.9167811165628008,-0.3993900152906479,0.978149006989992
1731877894.986693,0.908225865212684,-0.4184803194400802,0.8815827111798982
1731877895.0077145,0.8992286123499317,-0.4374790311903146,0.8189082671058663
1731877895.028854,0.8897802421249354,-0.4563892206484409,0.8295883577342319
1731877895.0498886,0.8799842064087656,-0.4750029436447051,0.842959243292948
1731877895.0709493,0.8697858962408023,-0.4934293208764396,0.9545162389165127
1731877895.0919652,0.8592247360036641,-0.5115983317402762,1.0176439319983608
1731877895.112476,0.8485513928939732,-0.5291129686727569,0.7838210092326615
1731877895.1331313,0.8374422548996158,-0.5465258179707954,1.008558957823173
1731877895.1536694,0.8260418307590064,-0.5636088127738148,0.914386492421102
1731877895.174695,0.8140098770649983,-0.580851030850963,0.7359303785920911
1731877895.1953788,0.8018224293406438,-0.5975623748248112,0.7860931861344517
1731877895.2162075,0.7892029442263718,-0.614132488005989,0.8237102925844124
1731877895.2374208,0.7759985833360332,-0.6307346499602424,0.8108154860815573
1731877895.2582197,0.7627132422677859,-0.6467368166954481,0.7974446784098129
1731877895.2796187,0.7486999821666841,-0.6629089957932438,0.7282477679887466
1731877895.3009074,0.7344189703405819,-0.6786963798370221,0.8458198427433307
1731877895.32205,0.719906574637834,-0.6940709789302681,0.7103938298766463
1731877895.3430643,0.7051631747573087,-0.7090450598983066,0.6810980139283427
1731877895.363835,0.6902845291670511,-0.7235380216634248,0.7036999251316949
1731877895.384966,0.6748426255271756,-0.7379616729692595,0.6789202618851529
1731877895.4057057,0.6593935961793796,-0.7517979019108959,0.5528150797702489
1731877895.4270313,0.6432123448180265,-0.7656878472809244,0.6902245301213332
1731877895.4482107,0.6268524621425983,-0.779137979247426,0.795325593782197
1731877895.4691875,0.6103719428750929,-0.7921149483192982,0.6079302967040302
1731877895.4903555,0.5934687752179822,-0.8048570139107121,0.5028525376480705
1731877895.5114863,0.5763304727410063,-0.817216731467319,0.6844870685627333
1731877895.532512,0.55902183259235,-0.8291529356428105,0.6761939071292425
1731877895.553162,0.541781731079211,-0.8405192180246764,0.5471075882177497
1731877895.574028,0.5241268613409716,-0.851640201740654,0.48741163983843266
1731877895.5950646,0.506096578061406,-0.8624768134127057,0.5037622771763968
1731877895.6162536,0.4877093389167549,-0.8730060714183961,0.516288699975809
1731877895.637265,0.4692599979714423,-0.8830600513576876,0.4909520994113153
1731877895.6580613,0.4507954702753046,-0.8926272704658238,0.33868137625555134
1731877895.678992,0.4320147184960637,-0.90186655498625,0.30236793522301497
1731877895.700138,0.4128486309816187,-0.910799652995434,0.48229544088651355
1731877895.7213106,0.3934736130882405,-0.91933591021089,0.2952658060316913
1731877895.7425337,0.3738753383999031,-0.9274789654414584,0.3920064585765751
1731877895.7638004,0.3540678657553858,-0.9352197316349918,0.25153843823958505
1731877895.7847593,0.3343903596968352,-0.9424346594548724,0.4259571649897178
1731877895.8060956,0.3142076898365149,-0.9493542687783104,0.21806251956818712
1731877895.8269267,0.2943648482691878,-0.9556931181626548,0.15421807546872188
1731877895.8482478,0.2739230986195516,-0.9617515978893216,0.2755415049699063
1731877895.869283,0.2536333582729632,-0.9673004288075028,0.21933470665852733
1731877895.8903596,0.2331910535932442,-0.972430939719666,0.19651992166651885
1731877895.9113822,0.2126980460548499,-0.9771179771166064,0.3421556968870308
1731877895.9324012,0.1921145501749682,-0.9813725080778803,0.1734653378074444
1731877895.9535017,0.1713658492590212,-0.9852074632825992,0.23701582180159408
1731877895.974405,0.1507357758375203,-0.98857408719967,0.240707534690545
1731877895.9955285,0.1298216459053041,-0.9915373620063128,0.07028415444375029
1731877896.0165944,0.1089067092042137,-0.9940519748435234,0.0687728944443462
1731877896.0376296,0.0879740810855111,-0.9961227640492712,0.08636138901647317
1731877896.058513,0.0671540582575063,-0.9977426183438028,0.019875715561139637
1731877896.0790594,0.0466412711888761,-0.9989117037165426,-0.061911768309185954
1731877896.1000888,0.0256259205134112,-0.9996716021763548,-0.017880384441683835
1731877896.1208682,0.004849335779448,-0.9999882419021228,-0.05652575529977794
1731877896.1417406,-0.0160223141155233,-0.9998716344863392,-0.0022174146536919157
1731877896.162578,-0.0368519603577669,-0.9993207358089742,-0.11362314130753086
1731877896.1835546,-0.0578048485172833,-0.9983279017877312,-0.04805791564724846
1731877896.2040112,-0.0782136769379367,-0.9969366182159466,-0.06509709425200624
1731877896.2247448,-0.098865465276156,-0.9951008088509068,0.0691350200466467
1731877896.245345,-0.1193424322347843,-0.9928531532247284,-0.18536138473350366
1731877896.2662854,-0.1401053948380997,-0.990136595797398,-0.13149709984851854
1731877896.2871797,-0.1607612725540824,-0.9869933197579364,-0.3620084626702481
1731877896.308118,-0.1813905810515918,-0.98341113330375,-0.29162989363751246
1731877896.3291328,-0.2020153228793751,-0.9793823611449932,-0.216386857039038
1731877896.3497014,-0.2221157040022177,-0.975020314678417,-0.24095147803339947
1731877896.3702302,-0.2420834870574592,-0.970255422707908,-0.13232454932915516
1731877896.3912537,-0.2624264337815056,-0.9649520023569677,-0.3533616675908159
1731877896.412356,-0.2827293243700575,-0.959199733705786,-0.2643925487048641
1731877896.4332554,-0.3027129481898151,-0.9530817756091186,-0.2818485654169536
1731877896.4542804,-0.3226830569328444,-0.9465070759209752,-0.23076348302569805
1731877896.4748645,-0.3420963246523545,-0.939664889553372,-0.14008322593626665
1731877896.4958875,-0.361773882411161,-0.9322658730239756,-0.39701805682365376
1731877896.5169306,-0.3813100677077148,-0.9244472036112922,-0.4438725725648457
1731877896.537955,-0.4006603724693931,-0.9162266455046412,-0.3924858646879397
1731877896.5588665,-0.4197307931398918,-0.907648644184608,-0.5221053709168672
1731877896.579897,-0.4387250224349865,-0.898621363361355,-0.4289710427630536
1731877896.6006055,-0.4572389906518877,-0.889343862309536,-0.37922069806441355
1731877896.6216297,-0.4758341206561481,-0.8795350417234041,-0.3311109272125082
1731877896.6426933,-0.4942533416738465,-0.8693179132194596,-0.5316899718539748
1731877896.6637185,-0.5124203210374505,-0.8587347754620609,-0.5692196706740992
1731877896.6847167,-0.5303379488533194,-0.8477863292163031,-0.5928320688754019
1731877896.705742,-0.5480442806679927,-0.8364493208958343,-0.48051210938180766
1731877896.7265549,-0.5653333369772423,-0.8248625449747223,-0.5525404646414249
1731877896.7475758,-0.5825465047355042,-0.812797373162861,-0.6931681030529538
1731877896.7684371,-0.5993745988601978,-0.800468669119021,-0.531549148533778
1731877896.7890203,-0.6157226415003059,-0.7879629615304806,-0.3603445281505742
1731877896.8100832,-0.632181585085359,-0.7748202652738008,-0.6845169437851328
1731877896.8313863,-0.6485430252033271,-0.7611779978823066,-0.8171009806392335
1731877896.8521,-0.6641694854574518,-0.747582032011995,-0.7336381394865926
1731877896.8731337,-0.67974587470468,-0.7334477117163632,-0.9619498223011655
1731877896.8941634,-0.695018628246322,-0.7189917290140415,-0.8090584544231673
1731877896.9154005,-0.7101299106536463,-0.7040706711652207,-0.6971498890861005
1731877896.9361846,-0.7246091489600928,-0.6891600548808166,-0.6822987311302583
1731877896.957032,-0.7388177931070656,-0.6739052370982178,-0.6974548265333232
1731877896.9781525,-0.7528852041237097,-0.6581518589289252,-0.6519427939221887
1731877896.9990392,-0.7664665804299348,-0.6422841902803169,-0.5634833160792339
1731877897.019966,-0.7797388240070453,-0.626104916396693,-0.6852466891783288
1731877897.0410476,-0.7927637820908168,-0.6095289868456332,-0.7822368385761789
1731877897.0619154,-0.8053097983011276,-0.5928542221829893,-0.7180615554267826
1731877897.082691,-0.8174519995382253,-0.575996726076596,-0.8054152752963596
1731877897.103694,-0.8293684807298475,-0.5587019985393507,-0.9443377272668918
1731877897.124586,-0.8408589892755242,-0.5412542472392655,-0.9191021769141865
1731877897.1459208,-0.8522143484825137,-0.5231927983454329,-0.7830115822362611
1731877897.1673014,-0.8632049249780603,-0.5048536990986807,-0.897847051646008
1731877897.1881275,-0.8735311085745578,-0.4867683251327103,-1.038075705501793
1731877897.2091484,-0.8835696681991073,-0.4682997346129072,-0.9527589073635876
1731877897.2302513,-0.8932546857632516,-0.4495509608064413,-1.0062489947295323
1731877897.2514043,-0.9025634808553558,-0.4305568058064624,-0.8906265556799597
1731877897.2725067,-0.9114476467801544,-0.4114160754989029,-0.940330603050858
1731877897.293563,-0.9199077187550156,-0.392134911701245,-0.9189486981610528
1731877897.3145895,-0.9279492107364572,-0.3727066705783334,-0.7219639468582277
1731877897.3354523,-0.9355223328521244,-0.3532675540364825,-0.9409580930256396
1731877897.3561428,-0.9426308341139544,-0.3338369520853416,-1.0052001849075451
1731877897.3770788,-0.9494129602380756,-0.3140303025696312,-1.0235605117910216
1731877897.3983183,-0.9558682412357128,-0.2937956864845788,-0.9072743453698796
1731877897.4194608,-0.961865652720816,-0.2735223320242033,-0.9188318210576444
1731877897.440508,-0.9674091078683964,-0.2532185183063705,-0.9574054099697872
1731877897.4616363,-0.9725428380435964,-0.2327239312363625,-1.0304666078156526
1731877897.4825516,-0.9771972560403784,-0.212333517813733,-1.1003697248692241
1731877897.5037055,-0.9814699745817111,-0.1916159935771939,-1.0207669911680541
1731877897.5248258,-0.9852977700836014,-0.1708458494324121,-0.8834835997298933
1731877897.5459943,-0.9886933312857902,-0.1499516477768972,-0.9501996610723874
1731877897.567211,-0.9916519803440242,-0.1289432040852672,-0.8850264501158536
1731877897.588005,-0.9941186918309538,-0.1082960135568857,-1.0639076523005835
1731877897.60909,-0.996180952277925,-0.0873127156755896,-1.0054923189777296
1731877897.6301725,-0.9978002165344592,-0.06629274382454,-0.9086610391013421
1731877897.6512282,-0.9989747780000766,-0.0452702211138596,-0.8449830997055189
1731877897.672248,-0.999705595045862,-0.0242636195568368,-0.8404925626247925
1731877897.6932802,-0.9999947717015688,-0.0032336619376589,-1.006753425418085
1731877897.7142072,-0.999843477920054,0.0176923616493281,-0.9140266435961598
1731877897.7354033,-0.9992439021276552,0.0388796098321082,-1.0734462910326483
1731877897.7565749,-0.9981968813810608,0.0600248781850039,-0.8953426855766817
1731877897.777351,-0.9967344865920496,0.0807487661706562,-0.8683435443926074
1731877897.7983606,-0.9948181065272372,0.1016707181324215,-0.9912136501858244
1731877897.8195229,-0.992443931557664,0.122698992311946,-1.20532191870319
1731877897.8405485,-0.989644933755942,0.1435371209520291,-1.100863099735942
1731877897.8617508,-0.986379407483912,0.1644860616942562,-1.027251881792307
1731877897.8829317,-0.982674459375494,0.1853399765055571,-0.9263593412632068
1731877897.9039702,-0.978557998360456,0.2059714636661541,-0.9276717543500529
1731877897.9250965,-0.9739885466884388,0.2265972438485135,-1.0045943845771153
1731877897.9462633,-0.9689743843689536,0.2471611669271839,-0.8785801238532382
1731877897.967368,-0.9635426925388232,0.2675546292909826,-0.9295899041031931
1731877897.9883306,-0.9577228007708568,0.2876926083228869,-0.8768708637060525
1731877898.009359,-0.9514618265793316,0.3077667827468096,-1.0347181987946894
1731877898.030406,-0.9447739698347865,0.3277226661715939,-1.0830099852508819
1731877898.051754,-0.9375630017997753,0.3478154936977287,-0.9594500232276961
1731877898.0729227,-0.9299906869630856,0.3675830819854582,-1.0369991574961264
1731877898.094212,-0.9219549288796414,0.3872971844908448,-0.9447416420440906
1731877898.11524,-0.9136076977649092,0.4065968206770712,-0.9002301721585306
1731877898.136234,-0.9048708237892376,0.4256862603549548,-0.9167524797101139
1731877898.1570818,-0.8958002105519618,0.4444569526681531,-0.8705156834575921
1731877898.1783242,-0.8861574947712813,0.4633841758850713,-1.018455582613904
1731877898.1996362,-0.8760813602280381,0.4821633024826656,-0.8397276258733546
1731877898.2206218,-0.8657707110084178,0.5004408815834079,-0.820223390668018
1731877898.241553,-0.8551069782151056,0.5184515944693688,-0.9212976904937208
1731877898.2628982,-0.8438466050573096,0.5365844827548155,-0.7250911369469967
1731877898.283836,-0.8324276323499662,0.5541337716654973,-0.8627397965577893
1731877898.3052087,-0.8203950287128585,0.571797164091628,-0.8520690140366454
1731877898.3262796,-0.8081654917739054,0.5889554634315244,-0.813913627033039
1731877898.3473153,-0.7955985321412687,0.6058242118425596,-0.8527356634038781
1731877898.368394,-0.7826526728611146,0.6224586682369786,-0.6376302201684144
1731877898.3894432,-0.7693781185515041,0.6387936370175801,-0.703954574641122
1731877898.4099822,-0.7560965532361567,0.6544600844852217,-0.7605149121134597
1731877898.4309702,-0.7421952390589799,0.6701837263901472,-0.7491283796354783
1731877898.4517348,-0.7281201494938697,0.6854495225040461,-0.7016561252735916
1731877898.4724011,-0.7137999266865614,0.7003496731363981,-0.6934168820981425
1731877898.4930212,-0.6992079198860199,0.7149183762980674,-0.6005059819221408
1731877898.5135453,-0.6843886869295633,0.7291173603767971,-0.6557528234947531
1731877898.5344012,-0.6690345494516261,0.7432313042654081,-0.6991582099781493
1731877898.5554078,-0.6532753375239788,0.7571204219824821,-0.5339355600502136
1731877898.5762253,-0.6373735581748632,0.7705549606222222,-0.6431095562750754
1731877898.5967853,-0.6213973353152052,0.7834955977305568,-0.7301781333651618
1731877898.6174257,-0.6050944812805872,0.7961536715507737,-0.6497569050806041
1731877898.63813,-0.588482191507119,0.8085101794529111,-0.4700521150423449
1731877898.6587954,-0.5716495347922154,0.820497903331778,-0.5180397723941073
1731877898.679949,-0.5541663765272022,0.83240592689307,-0.6007583283026745
1731877898.701216,-0.5363396711303476,0.8440022258097372,-0.4538659849048534
1731877898.722065,-0.5186277884466604,0.8550001269303568,-0.6042178900765477
1731877898.743192,-0.5004498165411938,0.8657655462790637,-0.48543341175776494
1731877898.764117,-0.4822253966791209,0.8760471829745613,-0.4608166817185833
1731877898.784999,-0.4638280699497037,0.8859252347273627,-0.4282126097752894
1731877898.805878,-0.445231058577707,0.895415716010041,-0.31499168107138575
1731877898.8267128,-0.4264798584053315,0.904497059350979,-0.4047853414381805
1731877898.8479166,-0.4072066913202176,0.9133360337488284,-0.5317118113480973
1731877898.8689692,-0.3878897783169236,0.9217057664337616,-0.14652816387380688
1731877898.890046,-0.3683785675434614,0.929675874148957,-0.31488237476929937
1731877898.9110727,-0.3487504207436671,0.937215633689022,-0.12101923468639858
1731877898.9324467,-0.3286402512000294,0.9444551790800776,-0.26882033845294523
1731877898.953652,-0.3085402913472452,0.9512112744366296,-0.23443288747367108
1731877898.9745443,-0.2886015611596557,0.9574492878979072,-0.5241474107337207
1731877898.9956713,-0.268310642461933,0.9633324447674668,-0.30271412552138344
1731877899.0167704,-0.2479269920460728,0.968778719117522,-0.17832313462013372
1731877899.0381002,-0.2272082285457645,0.9738461998083144,-0.1566772989051592
1731877899.0593677,-0.2064472178709323,0.9784577386036414,-0.19111621157632236
1731877899.0805037,-0.1857219187728861,0.982602345248228,-0.12730922141778364
1731877899.1017046,-0.1648496924851807,0.9863187004652916,-0.20766256683159406
1731877899.1230178,-0.1437922454078742,0.9896078971797676,-0.21343525897865576
1731877899.144208,-0.1227915768047691,0.9924324806584064,-0.025793225020945776
1731877899.165372,-0.101761626756329,0.9948088114406232,-0.3300194765989569
1731877899.186356,-0.0808657525486931,0.9967250022271608,-0.21167899366482462
1731877899.2074854,-0.0597890978732119,0.9982110316839358,-0.15781848124594544
1731877899.2283735,-0.0389268491902335,0.9992420629717912,0.059480684974085964
1731877899.2497437,-0.0175658493151489,0.9998457085659954,-0.11326789788803256
1731877899.2711332,0.0038229607209865,0.9999926924589628,-0.03413472349397043
1731877899.2919312,0.0246184505225247,0.9996969200181972,0.06731994814906914
1731877899.3131049,0.0457786488351549,0.998951608092618,-0.06913953686571456
1731877899.3344262,0.0670655737071705,0.9977485699430132,0.05948552165224141
1731877899.355335,0.0879111521561911,0.9961283197091482,-0.029476385531678223
1731877899.3764484,0.1089216474081862,0.9940503381247284,0.06591800886385835
1731877899.3973951,0.1297183451641447,0.9915508816636068,0.07993821769053941
1731877899.4186866,0.1507989487844502,0.9885644526511688,0.08714293659178422
1731877899.4397287,0.1715655108608278,0.9851727135294924,0.25987144809251495
1731877899.460696,0.1921826442428245,0.9813591754560792,0.2581217548749764
1731877899.4817195,0.2127705040526499,0.9771022017195444,0.23304038888569079
1731877899.5028434,0.2333614635607824,0.9723900592482266,0.14405928305125604
1731877899.523867,0.2537512114272446,0.967269519161648,0.44518477791846583
1731877899.5449846,0.2741198387678564,0.9616955412155576,0.25696016867472904
1731877899.566011,0.2942787247958398,0.955719640968278,0.28698346379517137
1731877899.587065,0.3143337673679439,0.949312531620791,0.23875031286760723
1731877899.608089,0.3342211665923734,0.942494674680782,0.08122091567099593
1731877899.629118,0.3539655254420537,0.9352584705836836,0.422073501158995
1731877899.650143,0.3735496001938388,0.9276102070347346,0.3134626824560294
1731877899.6706915,0.3925304714863118,0.9197390004532447,0.4557231854292645
1731877899.691814,0.4118686110447989,0.9112432426284588,0.38900033673132045
1731877899.712835,0.4309315643840645,0.9023846113589832,0.47512642786001835
1731877899.733956,0.449893107233859,0.893082410566608,0.3613002979117928
1731877899.7549942,0.4685810915340057,0.8834204891538342,0.59594672802165
1731877899.7760797,0.4871029133112332,0.8733445779551787,0.45900147304764105
1731877899.7971044,0.5053557167181888,0.8629111191659578,0.3904505784835385
1731877899.818158,0.5234099265923973,0.8520810106700779,0.5490177525771758
1731877899.8392,0.5412221132157808,0.840879672822601,0.4995069480369585
1731877899.860254,0.558804760795553,0.8292992459373304,0.4610975579001566
1731877899.881278,0.5761151608372049,0.8173685346607866,0.6820286620895397
1731877899.9024465,0.5932872352940788,0.8049908424554334,0.603844270376435
1731877899.9234753,0.6100827710645517,0.7923376883944104,0.7721187634927756
1731877899.9440155,0.6262277380881176,0.7796401862712311,0.719633042134786
1731877899.9650586,0.6424938992810431,0.7662907994923605,0.7422148617783099
1731877899.986082,0.6584608542081024,0.7526149769141829,0.6271203363119516
1731877900.0071297,0.6741545736778451,0.7385902861460086,0.7266121006793884
1731877900.028154,0.68953273089705,0.7242545222652437,0.47320438459361547
1731877900.0492651,0.7046678619556173,0.70953731707846,0.6271192613781476
1731877900.0702963,0.7194333067987735,0.6945615286413306,0.7714790516057453
1731877900.09136,0.7339025767847508,0.679254744399112,0.5431908338698834
1731877900.1123838,0.7480199793998378,0.663676209019629,0.6239016881345182
1731877900.1335206,0.7618798126402053,0.6477184196017013,0.6966000359719478
1731877900.1545546,0.7753343860308273,0.6315509400184598,0.7594397057776745
1731877900.175235,0.7882284069121301,0.6153827902507231,0.956264181757429
1731877900.1962607,0.8009920585673214,0.5986749720107605,0.8402910590011685
1731877900.2173674,0.8134487735560508,0.5816365641877724,0.7605871272391761
1731877900.2384183,0.825511630021964,0.564385106729864,0.8107773717336343
1731877900.2591465,0.837032093517205,0.5471537941220959,0.8713119842468404
1731877900.2800393,0.8482801882278772,0.5295476581574855,0.6752852124628874
1731877900.3011289,0.8592586467390863,0.5115413746747316,0.6804283084049892
1731877900.3221898,0.8698408335654179,0.4933324682830221,0.7389268288412135
1731877900.3432145,0.8800198809619734,0.4749368474983534,0.8868924655414222
1731877900.364244,0.8898123426660252,0.456326631744412,0.8197150258348448
1731877900.3854482,0.8992876428954755,0.4373576743759045,0.8735490481043885
1731877900.4063346,0.9082256686913702,0.4184807459490978,0.9781142679401915
1731877900.427166,0.9167455027785032,0.3994717551159151,0.9805067193930314
1731877900.4479413,0.9248462256798218,0.3803412400013812,0.9542083964232737
1731877900.469168,0.9327106413584286,0.3606256500815612,0.9136753093527403
1731877900.490271,0.9401128124662752,0.3408634621615373,1.0350082264246612
1731877900.5114331,0.9471150631607728,0.3208941525393775,0.9788014944967915
1731877900.5325232,0.95367160343291,0.3008495850183318,1.013851061071308
1731877900.553868,0.9598754797582348,0.2804265739171286,0.9716903053958772
1731877900.5750718,0.9656053593714468,0.2600120957823672,1.068869443309431
1731877900.5961173,0.9708631954292212,0.239634421068764,0.9017898985135849
1731877900.6173806,0.9757387744973948,0.2189379910895376,0.7599846900429442
1731877900.6384506,0.9801348782381796,0.1983320963964953,0.8415716521293216
1731877900.65958,0.9841064160237571,0.1775797340376307,0.9130879889880775
1731877900.6802568,0.987567583059214,0.1571950027532123,0.7829907607172901
1731877900.7012937,0.9906557131729716,0.1363864287887579,0.8245025013606198
1731877900.7219095,0.9932567187803708,0.1159357175233384,1.1617811193124945
1731877900.742453,0.9954287192561582,0.0955074074616452,0.9822877987375692
1731877900.763518,0.9972195535017148,0.0745195418252201,0.947128299034963
1731877900.78403,0.9985382179906694,0.054050228602832,0.9575709050969966
1731877900.8048396,0.9994467067092622,0.0332607944584915,0.9421957572889316
1731877900.825776,0.9999239810750942,0.0123301285854868,0.9298700224833231
1731877900.846324,0.999966237146722,-0.0082173333038064,1.0300446898311124
1731877900.866785,0.9995887997664856,-0.0286745772662266,1.0410105873028306
1731877900.8875222,0.9987792937487204,-0.0493955704371086,1.0728065253523
1731877900.908327,0.9975355325641598,-0.0701631047769263,1.0472267385791008
1731877900.9289591,0.9958757414809992,-0.0907276558149178,1.0080327081123908
1731877900.95008,0.993737528815767,-0.1117395356314525,0.8485479652161
1731877900.9711018,0.9911691637449936,-0.1326035023709781,0.8975654878797114
1731877900.992225,0.9881472497566476,-0.1535089990794459,0.9212357543475197
1731877901.0128646,0.984768635806988,-0.173869876433049,0.92688963488655
1731877901.0340426,0.980865863524584,-0.1946847651260161,0.9766541944097632
1731877901.055195,0.976528625180018,-0.215387660287269,1.0107079041579963
1731877901.0761075,0.9718112105971028,-0.2357604100730091,1.023365523382003
1731877901.0974407,0.9665609336945266,-0.2564370516434101,0.9461441255653226
1731877901.1186397,0.9609079581817436,-0.2768680117005073,1.0205600092627598
1731877901.1395855,0.9548983837465648,-0.2969327814812611,1.0149130244728986
1731877901.1603217,0.9485362708950652,-0.316668506164543,0.9807208161526304
1731877901.1813626,0.9416638066255488,-0.3365550107953837,0.7869236207734818
1731877901.2025285,0.9343299447886348,-0.3564092511022499,0.7804348856658916
1731877901.2235374,0.92663651674828,-0.3759584629033033,1.0867190809939908
1731877901.2447674,0.9184467094338976,-0.3955447407437567,0.8408991364317066
1731877901.2658813,0.9098911365419724,-0.4148471039339166,0.9686897038487525
1731877901.2870853,0.9008908397342008,-0.4340457290228834,0.8119996425926939
1731877901.3082025,0.8915248233482472,-0.4529718416787919,1.0385077275156749
1731877901.329383,0.8817315667379764,-0.4717514644574975,0.8955340795766722
1731877901.3504765,0.8715852130211683,-0.4902440376413002,0.9704883778060065
1731877901.371473,0.8611002898468915,-0.5084351392514089,0.7501716917988246
1731877901.3923929,0.8502762860729317,-0.5263366197995557,0.8037786044238732
1731877901.4131694,0.8391581246582832,-0.5438875268104548,0.9654225598975759
1731877901.4344566,0.8273910319663199,-0.5616262816337108,0.8088445401701991
1731877901.4556563,0.8152995560966595,-0.5790394061103182,0.8246744022337402
1731877901.4764414,0.8030890700862089,-0.5958589980088145,0.834315154482241
1731877901.497551,0.7903327430808322,-0.6126778559849598,0.7135130243626563
1731877901.5185974,0.7772639988781519,-0.6291745990167946,0.7392194363893377
1731877901.539747,0.7637843462132538,-0.6454715117490412,0.8990444929207366
1731877901.5607471,0.7500619353383322,-0.6613675930649426,0.5914349635469869
1731877901.5818417,0.735944835927387,-0.6770415042460923,0.862492548120811
1731877901.6029758,0.7214728629923244,-0.6924427109629061,0.8686299972202193
1731877901.6239948,0.7067601272002764,-0.7074532653114615,0.6370175335183357
1731877901.644972,0.6917652878720219,-0.7221224179426496,0.5318092026095034
1731877901.6659896,0.6764363764891667,-0.7365010716639904,0.5278267735354277
1731877901.6865315,0.6611655915453581,-0.7502400019703539,0.7586927889856661
1731877901.7074423,0.6453339340916392,-0.763900591379407,0.6078979534917689
1731877901.7284672,0.6291317076445041,-0.7772987163480396,0.7346029875254381
1731877901.7494984,0.6126463034530378,-0.7903572020708917,0.6248840893025609
1731877901.770713,0.5957424915641799,-0.8031754999655449,0.42666195463499523
1731877901.7917528,0.5787132933620459,-0.8155310687435854,0.737435941000762
1731877901.812812,0.5614119443948586,-0.827536481788437,0.6850866823927682
1731877901.8338244,0.5439006419868267,-0.8391496241114083,0.48762146876907014
1731877901.8548374,0.5261487960798032,-0.8503925237111234,0.47850318561844923
1731877901.8758469,0.5081677193633772,-0.861258131454806,0.671698430753785
1731877901.896631,0.4901587435379857,-0.8716331832446853,0.5804490311510864
1731877901.9176402,0.4717395980551058,-0.8817379154980278,0.47303774026106205
1731877901.9383783,0.4533538808857317,-0.8913306113254754,0.5308518718055959
1731877901.959398,0.4345196124963176,-0.9006623709004667,0.42657850039842754
1731877901.9804523,0.4154617058990015,-0.909610669974518,0.4098940105407032
1731877902.0014725,0.3962513762016689,-0.9181420624599896,0.2702603511153603
1731877902.0225384,0.3768233517433654,-0.9262851405376726,0.5825271634116708
1731877902.0435588,0.3572706418183885,-0.934000903904636,0.31224333072308585
1731877902.064086,0.3380243678182483,-0.9411373580732376,0.3421990013070855
1731877902.085118,0.3181569772031897,-0.9480380466294214,0.5179985297776608
1731877902.106328,0.2979790795681233,-0.954572400679872,0.32226982673194526
1731877902.12709,0.2780974819689296,-0.9605528567041696,0.3759861652248022
1731877902.1479075,0.2580423423797131,-0.966133608534136,0.19680402814085457
1731877902.1690996,0.2375115583572756,-0.971384712483524,0.40678789758373496
1731877902.1898048,0.2173493487031823,-0.9760938789984815,0.3200518082490736
1731877902.2106814,0.1969259000268404,-0.9804183749291008,0.12437617930501267
1731877902.2319558,0.1760251686781157,-0.9843856662872744,0.08656195554200741
1731877902.2531786,0.1550956473235883,-0.9878994585388116,0.047960159564116894
1731877902.274223,0.1342727602110366,-0.9909444110873776,0.287199769862439
1731877902.2953374,0.1133214758629909,-0.993558374283179,0.12715716917869682
1731877902.316611,0.0921608519970975,-0.9957441324753912,0.03655412372680395
1731877902.3377397,0.0711033509434578,-0.9974689536444789,-0.04792521606537323
1731877902.358753,0.0501288834325329,-0.998742757193166,0.11255444327160326
1731877902.37952,0.029378700759166,-0.999568352811204,0.21559282499844834
1731877902.4008238,0.0080789485441062,-0.9999673647626814,0.03141576258570935
1731877902.4220736,-0.0131703539060245,-0.9999132671276996,-0.15514914870595456
1731877902.443106,-0.0341963997084358,-0.9994151320882534,-0.0427417893388018
1731877902.464411,-0.0554796518105002,-0.9984598180372536,-0.06440266885021484
1731877902.4852538,-0.076276783634639,-0.997086682429544,-0.1989251717400516
1731877902.5066092,-0.0975509482615904,-0.995230532335732,0.011795021348593823
1731877902.5278747,-0.1186913782517938,-0.9929311943577408,-0.08286599323183887
1731877902.5489218,-0.1395618846703362,-0.9902133509235592,-0.03185311263371955
1731877902.5699854,-0.1603868080334382,-0.9870542395475768,-0.19859727999995166
1731877902.591106,-0.1811966137040553,-0.9834468908803278,-0.1598033408797807
1731877902.612231,-0.2019300312740503,-0.9793999502091376,-0.24949155368419815
1731877902.633453,-0.2226674734793438,-0.9748944539047936,-0.18669235014238506
1731877902.6548483,-0.2434734511847845,-0.9699075618677124,-0.47235374479117964
1731877902.6759863,-0.2639193932044351,-0.9645447391855926,-0.23354302334092025
1731877902.696774,-0.2839116096016444,-0.95885045650164,-0.4328698290587
1731877902.7179022,-0.3041054984631462,-0.9526383604518984,-0.4533543403776307
1731877902.739503,-0.3246104066395703,-0.9458478122305368,-0.3110131868309539
1731877902.7606575,-0.3445455781059749,-0.9387695907983064,-0.25721566203230467
1731877902.7817526,-0.3642708304178962,-0.9312930591960064,-0.3175968911420531
1731877902.803189,-0.3841492293320601,-0.923271016334632,-0.2942516639591908
1731877902.8242388,-0.4034973035974964,-0.9149808336733344,-0.5932027368658452
1731877902.845297,-0.4226743769453254,-0.906281617971964,-0.4305209558670893
1731877902.8663175,-0.4416300099147413,-0.8971972661252962,-0.5176537094194242
1731877902.8873484,-0.4603998249228,-0.8877116655823866,-0.5739316827595125
1731877902.9084036,-0.4789873607338921,-0.877821797551861,-0.6267437383946095
1731877902.928974,-0.4969417909796067,-0.8677838765372291,-0.41635240377209265
1731877902.9501448,-0.5152007831150158,-0.8570695147289247,-0.6474041203227786
1731877902.9711828,-0.5331165193319324,-0.8460418292350593,-0.5862360077659295
1731877902.9917312,-0.5503875080931568,-0.8349093309665458,-0.5110401966647065
1731877903.012792,-0.5678481251705437,-0.8231333468766154,-0.6476133380681763
1731877903.033854,-0.58505764836617,-0.8109917065471428,-0.6752417132780608
1731877903.0551057,-0.6021591751257082,-0.7983760566374262,-0.5057598661354702
1731877903.0758166,-0.6185639743078805,-0.7857344396731251,-0.7199305515167416
1731877903.0965898,-0.6347515393725984,-0.7727163019272446,-0.6463722639630634
1731877903.1169286,-0.6503352749304161,-0.7596473064397584,-0.6262901179028328
1731877903.137562,-0.6658698825510959,-0.7460678920255112,-0.5503445235869533
1731877903.1583295,-0.6812191113967938,-0.732079587386346,-0.6025734506391407
1731877903.1792932,-0.6964153772911121,-0.7176389219325258,-0.7115472027058738
1731877903.199797,-0.7109820916140814,-0.7032101146912393,-0.6571070859782083
1731877903.2203326,-0.7252722472549654,-0.6884621756943022,-0.7068373490009494
1731877903.2413342,-0.7395700353745881,-0.6730796110238599,-0.7341087422236512
1731877903.2618718,-0.753236545937364,-0.6577497288972071,-0.7310701031545406
1731877903.282931,-0.7669202328958763,-0.6417424377232153,-0.7146101120730805
1731877903.3039515,-0.7802395016401211,-0.625480871074708,-0.7424312983106589
1731877903.3250055,-0.7932344986148135,-0.6089162752031723,-0.789868334562039
1731877903.346027,-0.8058584088399858,-0.5921082881550352,-0.8337824181917536
1731877903.3671336,-0.8181755861216005,-0.5749684428510625,-0.7896929605258798
1731877903.3881557,-0.8300808156626612,-0.5576431111999959,-0.6911176321340115
1731877903.4092176,-0.8416409914286094,-0.5400374445786768,-1.006063675971832
1731877903.430242,-0.8528081459835108,-0.5222243446490856,-0.7813832127450956
1731877903.4513478,-0.8636393365995182,-0.5041102025132443,-0.8440828164298747
1731877903.4723728,-0.8740465656402757,-0.4858421565616134,-1.0004311214943489
1731877903.4934323,-0.8840837060288657,-0.4673285789829958,-1.0265886403350404
1731877903.5144534,-0.8937113236027912,-0.4486424746545373,-0.7883666849667684
1731877903.5355594,-0.9029806203158106,-0.4296812764527609,-0.9177998113719253
1731877903.5565906,-0.9118169509700926,-0.4105969409574354,-0.9415597043808006
1731877903.57768,-0.9202728488061946,-0.3912772466552722,-1.0322610023813341
1731877903.5987892,-0.928326721030458,-0.3717653816869429,-0.8628306200001916
1731877903.6198106,-0.9359360564387244,-0.3521699848907186,-0.8540632643989476
1731877903.6408665,-0.9431433103523345,-0.3323863657517263,-1.0490372877856313
1731877903.661889,-0.949922004940594,-0.3124870949809644,-0.8854540445494251
1731877903.6830058,-0.9563084362150596,-0.2923596668897872,-0.9723388569876885
1731877903.7040272,-0.9622424956530954,-0.2721936434954035,-0.9674660775418962
1731877903.7251008,-0.9677645095625208,-0.2518568125566857,-1.2551727534544246
1731877903.7461228,-0.9728448408148176,-0.2314582374857121,-0.7935146096561239
1731877903.7673244,-0.9775331178716014,-0.2107818859964629,-0.8594330462584869
1731877903.7881105,-0.9817029558112808,-0.1904187662794674,-0.7769976195771822
1731877903.8092177,-0.9855031907909833,-0.1696568918163684,-0.8080723143884389
1731877903.829923,-0.9888044498726272,-0.1492171568958858,-0.9819719928387158
1731877903.8507288,-0.9916948337084904,-0.1286132061488626,-0.923609677368096
1731877903.8715036,-0.994152563374415,-0.1079846319439931,-1.1584703196418638
1731877903.8922932,-0.996182528654795,-0.0872947283800032,-0.9915765955414332
1731877903.9130485,-0.9977796649626,-0.0666013527424291,-0.961698545048705
1731877903.9340389,-0.9989577488104134,-0.0456444530214883,-0.901978627787126
1731877903.954815,-0.9996903962516576,-0.024881954147614,-1.0133559460135286
1731877903.975871,-0.9999926728009768,-0.0038280993141306,-1.2764938877328513
1731877903.9966474,-0.9998563833205728,0.0169473518020883,-0.9643251025348133
1731877904.0178394,-0.9992727493276464,0.0381309906921741,-1.0394493809781045
1731877904.0386927,-0.9982603870266916,0.058959305400588,-1.169350178618758
1731877904.0598996,-0.9967856734833404,0.0801144252826139,-1.0811486634225573
1731877904.0807495,-0.9948987597420338,0.1008784311127159,-0.9109468992559884
1731877904.101701,-0.9925670037109618,0.1216993966469983,-0.9224881194256734
1731877904.122733,-0.9897880767185876,0.1425467052783737,-0.7969366818102371
1731877904.1437268,-0.9865776028775414,0.1632930907919994,-1.0273863661076459
1731877904.164985,-0.9828836483874268,0.1842273968024871,-0.8424973683104381
1731877904.1860857,-0.9787777964067454,0.2049244379305589,-0.9100436075246902
1731877904.2071946,-0.9742343393286044,0.2255381388434292,-1.0546000636768362
1731877904.2283075,-0.9692557976456696,0.2460552757618844,-0.8524822979733037
1731877904.2493384,-0.9638670720252092,0.2663836846834845,-0.9025690248495098
1731877904.270629,-0.9579776017879774,0.2868430136373473,-1.1609731999005874
1731877904.2920134,-0.9516250500213856,0.3072617193400368,-0.8927562515757292
1731877904.313164,-0.9449139226389832,0.3273189252136353,-0.9375256923250282
1731877904.334143,-0.937839698327018,0.3470687255312522,-0.9314731292587091
1731877904.355393,-0.9302533008077152,0.3669179694922977,-1.0728464838795697
1731877904.3767898,-0.9221900627054712,0.3867369755367064,-0.8286622915026417
1731877904.3978164,-0.9138550427426791,0.4060405901554376,-0.8441276304408328
1731877904.4189084,-0.9050882290171308,0.4252238207046189,-0.8284149770352174
1731877904.4398725,-0.8959756499727658,0.4441031801911351,-0.918393329285895
1731877904.4609983,-0.8863942762437178,0.4629310823895665,-1.001020020608283
1731877904.481977,-0.8764882549931698,0.4814232429567854,-0.8707710280282273
1731877904.503086,-0.8661313244917547,0.4998164950600958,-0.8850720232268412
1731877904.5244155,-0.8552743324968237,0.5181754685163247,-0.8258126875216343
1731877904.5459635,-0.8439109827450613,0.5364832273261345,-0.8446328803855007
1731877904.566929,-0.8324785286439265,0.554057306915849,-0.9101148559665957
1731877904.5877414,-0.8207680175148724,0.5712616400780873,-0.6556075182227751
1731877904.6091638,-0.8083428403962354,0.5887120283977102,-0.8655385025739811
1731877904.6301315,-0.7958219648055337,0.6055306766242813,-0.8657601913861691
1731877904.6512244,-0.7828736391960409,0.6221807334303653,-0.7231095900202589
1731877904.672677,-0.7693470889985744,0.6388310078960003,-0.7809931190970482
1731877904.6938102,-0.7556757671515182,0.6549459023003079,-0.7861840886096612
1731877904.715021,-0.7416151469216028,0.6708255912354937,-0.7948834813724898
1731877904.7361908,-0.7272485560641755,0.6863741965594072,-0.7191362308144468
1731877904.7572489,-0.7126346591369076,0.7015353466482095,-0.6741490669124421
1731877904.7782812,-0.6977232072735104,0.7163674518234102,-0.6428407764073184
1731877904.799012,-0.6827235254219036,0.7306768012161651,-0.6628697220077954
1731877904.8203087,-0.667008848974221,0.7450497938997667,-0.8365577299714707
1731877904.841439,-0.6511179763345111,0.7589765351406136,-0.8322419537799475
1731877904.8625386,-0.634960157165076,0.772544884659074,-0.4545974379034595
1731877904.883365,-0.6187345276104878,0.7856001427842453,-0.632268000252917
1731877904.9043689,-0.6020983578573806,0.7984219232119354,-0.5381042468649644
1731877904.9257247,-0.5849113659952236,0.8110972160780738,-0.6306925745162153
1731877904.9467957,-0.5676923909915509,0.8232407601730468,-0.6017699821438879
1731877904.9679165,-0.5501793765557009,0.8350464978746873,-0.568715943306635
1731877904.9889147,-0.5325248689706285,0.8464143571134738,-0.6052186573373235
1731877905.0101247,-0.5144540274364884,0.8575179611263993,-0.31489086316600967
1731877905.0313168,-0.4961672863444811,0.8682269426604738,-0.4585427757200488
1731877905.052487,-0.47767699324323,0.8785355372016018,-0.3746533011847555
1731877905.0735283,-0.459087006008439,0.8883913106926516,-0.43967030108010774
1731877905.09454,-0.440320527917557,0.8978406499454142,-0.4035087327869678
1731877905.1153896,-0.4215064692631921,0.9068253946429146,-0.4626966543175677
1731877905.1366572,-0.4021265528929278,0.9155840952410932,-0.39147537591130055
1731877905.157714,-0.38275947687384,0.923848030177726,-0.5258729873927546
1731877905.1790097,-0.3630003267634336,0.9317890119386688,-0.423485237619238
1731877905.2001417,-0.3432301860775529,0.9392513185325684,-0.4476630285121495
1731877905.2212594,-0.3233203146600152,0.946289582595174,-0.31629439160343453
1731877905.2422218,-0.3034141590722553,0.9528587765637028,-0.18359743573772905
1731877905.26325,-0.2833115736621816,0.9590279204637674,-0.570039231936327
1731877905.2841172,-0.263239205702474,0.9647305948196784,-0.32893565608910663
1731877905.3046594,-0.2433674250493517,0.9699341711811416,-0.1184997784677738
1731877905.3256953,-0.2229116379959865,0.974838654160752,-0.2516041327993556
1731877905.3464,-0.2026815151857683,0.9792447106836988,-0.25020370284739624
1731877905.367418,-0.1820564711177758,0.9832880764680016,-0.20961745455521613
1731877905.3879485,-0.1618323987329174,0.9868182582017572,-0.3467160428314908
1731877905.4085894,-0.1414303686099745,0.9899482061374962,-0.0360190967650839
1731877905.429404,-0.1207957876495491,0.9926773784498794,-0.21833287203326351
1731877905.4504087,-0.0999198069609283,0.9949954935460216,0.09192607055190118
1731877905.470899,-0.0795123947577835,0.9968338773736988,-0.013501684343578083
1731877905.4917278,-0.0587338713485364,0.9982736760810702,0.2116129698721757
1731877905.5122364,-0.0382498317978601,0.9992682074235302,-0.020973723005210193
1731877905.532745,-0.0177497049428664,0.9998424615780434,-0.12958754990063767
1731877905.553526,0.0030303984650055,0.99999540833203,-0.05929012467858952
1731877905.5745506,0.0240527872425111,0.9997106898627556,-0.012166957232146593
1731877905.5955358,0.0450250068496781,0.9989858601392646,-0.12135621716854068
1731877905.6161106,0.0655679693913544,0.9978481053696971,0.22385295938535754
1731877905.6371324,0.0865285433059698,0.996249371991444,-0.14997646930256264
1731877905.6581364,0.1074331022338311,0.9942123156270068,0.10475712133897913
1731877905.6791642,0.1283139118371473,0.9917336033578014,0.11712035597628631
1731877905.6998918,0.1488411684253132,0.9888611159216382,0.11442861653968114
1731877905.7209132,0.1695939639636069,0.9855140219129866,0.19752913405959197
1731877905.742134,0.1904677260115273,0.9816934579327692,0.1441629337749558
1731877905.7627428,0.210657238121545,0.9775599869199856,0.27501191344445447
1731877905.7837665,0.2311611479069613,0.9729154761326064,0.3103972577964385
1731877905.8048203,0.2515919632187356,0.967833396842526,0.2601501314042007
1731877905.825849,0.2718871706484775,0.9623291362297858,0.2646737912515656
1731877905.8465357,0.291734921031073,0.9564992084947032,0.42524074715112115
1731877905.867565,0.3117833797474532,0.9501532108629932,0.3000443643572892
1731877905.8882926,0.3314094238479318,0.9434870395425587,0.5750733327337816
1731877905.9093423,0.3511946925263749,0.9363024553750272,0.2073720216735219
1731877905.9304762,0.3709025155448002,0.9286718063786256,0.5364264549349398
1731877905.9514987,0.3903421778716373,0.9206698562320952,0.4382752552703201
1731877905.9725544,0.4096395678971744,0.9122474578824632,0.4691312106484977
1731877905.9930975,0.4282922043508486,0.903640297735936,0.29134021109840036
1731877906.0141184,0.4471915051750696,0.8944382358213762,0.2983806913892054
1731877906.0351765,0.4659261191146738,0.8848236273556097,0.4574115344894376
1731877906.0561986,0.4844226343183812,0.8748341050508033,0.43507708381140664
1731877906.0769231,0.5024478389270394,0.8646075231904635,0.4091072872285263
1731877906.0975451,0.5201696909333792,0.8540629324787915,0.48286455911528103
1731877906.1183634,0.5378357717927863,0.8430496323349284,0.5477920181721299
1731877906.1395967,0.5556139314189231,0.8314404123045789,0.5956112222695553
1731877906.1606965,0.5730319900290018,0.8195330001918177,0.6581898694933666
1731877906.18181,0.5902064968890173,0.8072523093989848,0.5465068620546125
1731877906.2029212,0.6071156286512545,0.7946134994117531,0.7245691890370116
1731877906.2236032,0.6234188881542423,0.7818880289993756,0.7823908976024768
1731877906.2447991,0.6398504236311088,0.7684994699927193,0.7435915785870981
1731877906.2658284,0.6558687127590309,0.7548749774789278,0.4634780205028046
1731877906.28694,0.6716580866471367,0.7408612654481994,0.9000480848422138
1731877906.3078983,0.6870367248105066,0.7266226935360967,0.7885387039411238
1731877906.328992,0.7022096724993432,0.7119702071353584,0.6159039136317771
1731877906.3501723,0.7171310158946991,0.6969383803765128,0.6737482988249643
1731877906.371559,0.7318707162183463,0.6814435081076382,0.6703505528259812
1731877906.3925886,0.7460385501229445,0.6659027569626476,0.851712114165226
1731877906.4139106,0.7600662822017699,0.6498455560054092,0.751224345532167
1731877906.434825,0.7734901431261265,0.6338083294551471,0.8681552092563976
1731877906.455893,0.7866706340234301,0.6173729128858624,0.7398926455735768
1731877906.4770432,0.7995512238514979,0.6005979024585183,0.7428346277616823
1731877906.4979007,0.8119034184991493,0.5837917771169745,0.8733097715878825
1731877906.5190828,0.8240862709179003,0.5664643131607048,0.7425338739665046
1731877906.540282,0.8359088084731224,0.5488683484379882,0.9076327224414807
1731877906.561324,0.8472721259466836,0.5311590577160359,0.7333012483829316
1731877906.5824437,0.858300205535922,0.5131478901613005,0.8152489831297588
1731877906.6034636,0.8688962571663682,0.4949942366152121,0.8703617943168073
1731877906.6245348,0.879132719961153,0.4765770249327016,0.8829843003729537
1731877906.6455796,0.8889667467512535,0.4579717493148378,0.9118638276525542
1731877906.666654,0.8984201695465137,0.4391368795170972,0.8419014492047296
1731877906.6876855,0.9074564563628036,0.4201461410098431,0.7528250713702316
1731877906.708734,0.9160982557671036,0.4009538449503515,0.8996997560753255
1731877906.7293627,0.9241739093848904,0.3819719691446592,0.8395000103059409
1731877906.7501197,0.9319028332534138,0.3627080222083046,1.0048261828164573
1731877906.7712212,0.9393484719166694,0.3429642084938575,0.9083573363658451
1731877906.7922091,0.9463391901486374,0.3231750875126686,0.8354252194751771
1731877906.8134034,0.9529755837077292,0.3030470868642572,0.9619107306753474
1731877906.8344338,0.9591375905806744,0.2829400684510748,1.045216923680559
1731877906.8554718,0.9648774111217951,0.2627005548279298,0.9283873677781764
1731877906.8766377,0.9702211547761176,0.2422207894151468,1.0569269268920234
1731877906.8979776,0.9751688216486584,0.2214627943569009,1.015345104103037
1731877906.919013,0.9796113008327436,0.2009022132301678,0.89011926526532
1731877906.9400551,0.9836215316454736,0.1802461718966939,1.0228854168431867
1731877906.9611497,0.9872045873693974,0.1594587804945772,1.11770718648862
1731877906.9820907,0.990327156093364,0.1387520230628354,1.0015605488021402
1731877907.003257,0.993041975581278,0.1177609219292742,1.0858029362931743
1731877907.0242848,0.9952985087563132,0.0968549351734805,1.0194988002419794
1731877907.0453222,0.9971156923338192,0.0758966145598638,1.0306153424770703
1731877907.0664628,0.998497261792269,0.0548016258275327,1.0710418756733562
1731877907.0875735,0.9994315913015775,0.0337119312469112,0.8344044812896227
1731877907.1084943,0.9999181153131794,0.0127969788832835,1.1460234095498723
1731877907.1296356,0.9999651913363546,-0.0083436272476469,1.0610456874397227
1731877907.150513,0.9995730944634672,-0.0292169270240433,1.0764888269853967
1731877907.171646,0.9987324916104312,-0.0503329931716772,1.1573121026467326
1731877907.1926396,0.9974558294648336,-0.0712872237264211,1.0210654793430374
1731877907.2138548,0.995719108773263,-0.0924308196641086,0.9175344242867717
1731877907.2350593,0.9935354649430398,-0.113522155989118,0.9363215923655955
1731877907.2559404,0.990948566544014,-0.1342420890196662,0.9518237377787777
1731877907.2772872,0.987857371933278,-0.1553634857908298,1.0120628814737682
1731877907.2984529,0.9843479911967296,-0.1762357291441294,0.9520742028302651
1731877907.3195684,0.9804075193378304,-0.1969799381303623,1.1765767444878503
1731877907.340789,0.9760070450097568,-0.2177389448199903,0.8963625705448041
1731877907.3618872,0.9711962821252392,-0.2382808880000923,0.9241795760248919
1731877907.3830955,0.9659247219822488,-0.2588231663965104,0.8332649387766874
1731877907.4044957,0.9601651670042152,-0.2794330905096377,0.9802181366841812
1731877907.4255052,0.9540828941504308,-0.2995427032820827,0.8162785610924119
1731877907.4467063,0.947518232355563,-0.319701734987143,0.9783961483668071
1731877907.4674816,0.9406724121394826,-0.3393160960515835,0.698298066126457
1731877907.488677,0.9332697177698708,-0.359176327023018,0.9682989848020377
1731877907.509895,0.9254391902254746,-0.3788961667723992,1.0159948698662644
1731877907.5309415,0.9172603291321682,-0.398288197917471,0.985259985445621
1731877907.5519805,0.9086785568446876,-0.4174964434946194,0.8989047842362315
1731877907.5729644,0.8997183278815766,-0.4364709961429051,0.9670657756797826
1731877907.593995,0.8903406605473623,-0.4552949683184371,0.7783304956082222
1731877907.615069,0.8805489849080097,-0.4739551510190322,0.8820390875730109
1731877907.636094,0.8703901065345976,-0.4923627346242725,0.8890190920396598
1731877907.657006,0.8599042932028305,-0.5104552933718493,0.986678142631893
